"term","sumsq","df","statistic","p.value"
"(Intercept)",458970.225801501,1,11617.5788939519,1.46e-116
"fert",5510.60331740469,2,69.7429432175302,1.65e-20
"irr",2289.55032934754,1,57.9537191904306,8.45e-12
"fert:irr",79.7116163853498,2,1.00884103157678,0.368
"Residuals",4503.74438762022,114,NA,NA
